{
    "CYS_chi1": 8.137794936882848,
    "ASP_chi1": 9.758074893796762,
    "ASP_chi2": 20.00,
    "GLU_chi1": 12.633483757577473,
    "GLU_chi2": 15.965721102402556,
    "GLU_chi3": 20.00,
    "PHE_chi1": 11.201914398305908,
    "PHE_chi2": 19.028331966517456,
    "HIS_chi1": 11.513806073577546,
    "HIS_chi2": 26.005526602761176,
    "ILE_chi1": 9.177278964699303,
    "ILE_chi2": 11.638362299287564,
    "LYS_chi1": 16.841383651080786,
    "LYS_chi2": 18.787485673358834,
    "LYS_chi3": 18.868996992024826,
    "LYS_chi4": 19.085815314951304,
    "LEU_chi1": 11.63564721154762,
    "LEU_chi2": 11.20639430594038,
    "MET_chi1": 14.421613296039949,
    "MET_chi2": 15.427868731181887,
    "MET_chi3": 19.06353566103476,
    "ASN_chi1": 10.49278284679653,
    "ASN_chi2": 20.0,
    "PRO_chi1": 6.7120842714886955,
    "GLN_chi1": 13.755795378342,
    "GLN_chi2": 16.445537491779675,
    "GLN_chi3": 20.00,
    "ARG_chi1": 16.169837810010623,
    "ARG_chi2": 18.408739796189277,
    "ARG_chi3": 16.915860627454197,
    "ARG_chi4": 21.73667709314823,
    "SER_chi1": 7.712467003155649,
    "THR_chi1": 5.1471393834487555,
    "VAL_chi1": 6.92473324901349,
    "TRP_chi1": 11.78556180691116,
    "TRP_chi2": 25.195672942861396,
    "TYR_chi1": 11.201914398305908,
    "TYR_chi2": 19.028331966517456
}
